id,company_name,website,categorie,employees,revenue,city,region,description,emails_found,best_email,best_email_quality,phones_found,best_phone,status
2b922c2af8d201ecc77d131551e48965,SOTHOFERM,https://sothoferm.fr,Construction,51-200,10M-25M,mauzé thouarsais,,"Specialiste de la fermeture pour le batiment : volets, portes de garages, persiennes, portails, en bois, pvc, aluminium, acier... Quil sagisse dhabitat neuf ou de renovation, SOTHOFERM, entreprise francaise independante est specialisee, depuis plus de 20 ans, dans la fabrication sur mesure de vos fe",,,,05 49 66 66 64,05 49 66 66 64,ok_phone
8cd8815c0d679ede5ae704654c96be54,Installux Aluminium & Partenaires,https://installux-aluminium.com,Lumber and Other Construction Materials Merchant W,51-200,25M-75M,saint-bonnet-de-mure,auvergne-rhône-alpes,"Installux est un gammiste francais, concepteur et distributeur de systemes aluminium, profiles et accessoires. La large gamme de produits hautes performances quil concoit et propose aux professionnels de la menuiserie aluminium est utilisee pour fabriquer des solutions sur mesure destinees aux march",,,,02 51 84 34 00,02 51 84 34 00,ok_phone
a34bb3d76a8d6028340614c55e7d3c70,FORESTIA Group,https://forestia-group.com,Lumber and Other Construction Materials Merchant W,51-200,25M-75M,lambersart,,"The Forestia Group design and distribute environmentally-friendly landscaping products. Reliable, sustainable, bio-sourced products with a low carbon footprint. Wood and wood composite products for decking, fencing and cladding, as well as planters, garden sheds, pergolas and carports. Forestia Grou",,,,,,no_contact
a2774747f2d72da0c25bcf9ec56b82e9,Carrières et Bétons BRONZO PERASSO,https://bronzoperasso.fr,Lumber and Other Construction Materials Merchant W,51-200,25M-75M,,,"Entreprise marseillaise, Bronzo Perasso beneficie d'une notoriete importante dans le departement et d'un maillage optimum pour assurer une livraison fluide sur les chantiers. Les trois principaux poles d'activites de BRONZO PERASSO sont : - L'exploitation de carrieres - La production et la vente de ",contact@bronzoperasso.fr;rgpd@bronzoperasso.fr,contact@bronzoperasso.fr,high,04 91 17 08 08;04 91 75 45 21,04 91 17 08 08,ok_both
512b74dbfc857e266754909320e411df,SODITRADE,https://soditrade.com,Construction,1-10,500K-1M,stains,,"Fournisseur de l'enveloppe acier du batiment: panneaux a joint debout acier, toles de toiture et panneaux tuiles.",contact@soditrade.com,contact@soditrade.com,high,,,ok_email
810d0fce23e30ea46543a5612296753d,"SOFTICA, ACTIVATEUR D'ACCÈS",https://softica.fr,Construction,51-200,10M-25M,,,"SOFTICA est un fabricant francais de portes automatiques. SOFTICA concoit, fabrique, commercialise et maintient sa propre gamme de portes automatiques pietonnes, etanches, communicantes et dinterieur. Implantee en France, pres de Chambery (Savoie), Softica est a votre service par le biais d'agences ",,,,04 79 63 00 94,04 79 63 00 94,ok_phone
0fd775a99b7a72f88e4dd7c855ecc7d6,GYPASS,https://gypass.fr,Lumber and Other Construction Materials Merchant W,51-200,25M-75M,envermeu,normandie,"Depuis 1992, nous concevons et fabriquons, en Normandie, des ouvrants exterieurs en acier et aluminium personnalisables. Specialiste historique et reconnu de la porte de garage, notre entreprise a su evoluer vers une production sur-mesure alliant savoir-faire artisanal et technologies de pointe. Nou",,,,02 35 85 98 20,02 35 85 98 20,ok_phone
527333557306a700510aef987edbfc83,SAFIR - Groupe ACCEDIA,https://portesafir.com,Wood Product Manufacturing,51-200,10M-25M,buchelay,île-de-france,"SAFIR est specialise dans la conception et la fabrication sur-mesure de portes automatiques pour le collectif, lindustrie et le residentiel. 100% des produits SAFIR sont assembles en France sur son site de Gargenville (78) et de Cuvilly (60) afin de garantir a ses clients des delais et une qualite d",contact@portesafir.com;contact.safir@portesafir.com;contact@faciliteam.fr;contact@accedia.net,contact@portesafir.com,high,01 34 97 36 00;03 44 85 33 70;01 84 73 06 25,01 34 97 36 00,ok_both
e7e6d0a57661177ab74c255de81258bb,HORIZAL - Fabricant de garde-corps,https://horizal.com,Wood Product Manufacturing,51-200,10M-25M,domarin,,"Horizal : fabricant francais de garde-corps aluminium Depuis 50 ans, Horizal concoit et personnalise des garde-corps en aluminium afin de vous permettre de beneficier de produits design et durables. Horizal est egalement fabricant de portails, clotures et barrieres de piscine en aluminium. Horizal v",,,,04 74 93 25 35;06 26 33 32 72,04 74 93 25 35,ok_phone
9dc6a23af1cf846b9b9c9d37ea4bf916,Cycle Up,https://cycle-up.fr,Wood Product Manufacturing,51-200,10M-25M,,,"Creee en 2017, CYCLE UP developpe et opere une solution globale deconomie circulaire pour le reemploi des materiaux de construction. Ses trois activites principales sont : - Le conseil et etudes en reemploi pour tous les acteurs du batiment - La marketplace www.cycle-up.fr permettant lachat et la ve",contact@cycle-up.fr;dpo@cycle-up.fr,contact@cycle-up.fr,high,01 44 07 67 38,01 44 07 67 38,ok_both
cbace6a8cbbcad773fe6207302239269,"AquaTerra Solutions gabions, génie végétal et contrôle de l'érosion",https://aquaterra-solutions.fr,Lumber and Other Construction Materials Merchant W,11-50,10M-25M,le pouzin,,"En alternative au genie civil, AquaTerra Solutions propose des solutions plus respectueuses de l'environnement, fiables, de mise en uvre facile et plus competitives. Specialiste du controle de l'erosion et des gabions, concepteur, producteur et distributeur de solutions techniques pour le controle d",contact@aquaterra-solutions.fr;logistique@aquaterra-solutions.fr;erosion@aquaterra-solutions.fr;direction@aquaterra-solutions.fr;gabions@aquaterra-solutions.fr,contact@aquaterra-solutions.fr,high,04 75 63 84 68;04 75 63 84 41;04 75 63 84 52;04 75 63 84 35;04 75 63 84 40,04 75 63 84 68,ok_both
d15982038db5c4b8dd25b045f8b348be,CISABAC,https://cisabac.com,Lumber and Other Construction Materials Merchant W,51-200,25M-75M,corbeil-essonnes,île-de-france,"""When the quality of the materials meets the know-how of the professional"" The LGI group, specialist in site fencing for over 25 years and specialist in the building envelope for over 30 years, covers the whole of France by bringing together 9 companies, nearly 200 employees and more than 2500 custo",,,,,,no_contact
56874b8b93653a0594ddea4d456ef965,SELFBETON,https://selfbeton.fr,Lumber and Other Construction Materials Merchant W,1-10,1M-5M,,,"Le distributeur automatique de beton Selfbeton delivre des petites quantites de beton pret a l'emploi en mode ""beton-drive"". La production du beton se fait instantanement a la demande, sur simple achat directement a la borne de paiement.",contact@selfbeton.fr,contact@selfbeton.fr,high,03 87 78 78 32,03 87 78 78 32,ok_both
cb79791a7e8dfe1cff7e81f77dace612,FYBOLIA - Fenêtres et Portails,https://fybolia.com,Construction,51-200,10M-25M,saint-malo-des-trois-fontaines,bretagne,"Depuis 1986, Fybolia developpe ses activites (fabrication de menuiseries et portails) a Saint Malo des Trois Fontaines dans le Morbihan. Entreprise familiale rayonnant en premier lieu sur le grand ouest de la France. Fybolia est depuis toujours synonyme dambition et dinnovation. Fybolia a perennise ",accueil@fybolia.com,accueil@fybolia.com,high,02 97 75 50 23,02 97 75 50 23,ok_both
c3e9b963fddefa93c23a008ed7795d38,NUANCES UNIKALO SERVI COULEURS,https://servi-couleurs.fr,Lumber and Other Construction Materials Merchant W,51-200,25M-75M,,,"Distributeur independant, nous delivrons a nos clients le fruit dune experience de 50 ans daccompagnement des professionnels de la finition et de la decoration du batiment. Maitres douvrage, maitres duvre, applicateurs, et particuliers, nous sommes au plus pres de vous a chaque etape cle du projet :",,,,,,no_contact
aea0d1e1849bc50f86495aeff66e6259,ALTELA,https://altela.com,Construction,11-50,1M-5M,séméac,,"ALTELA, seul fabricant Francais de filets de protection pour le batiment, le sport, l'environnement et les filets de peche en grande nappes Ses process innovants et ses usines ultra modernes fabriquent integralement en France des filets aux normes de qualite elevees a des prix competitifs face a la ",,,,,,no_contact
d2dadc4b8ea27f3600ddfe55018c3bef,Zumaplast,https://zumaplast.com,Lumber and Other Construction Materials Merchant W,11-50,10M-25M,,,"Distributeur specialise au service des pros du batiment et du jardin : bardage, isolation, avant toit, menuiseries, terrasse... Facebook : https://www.facebook.com/Zumaplast80/ Bardage : https://bardage.zumaplast.com/ Terrasse : https://terrasse.zumaplast.com Creee en 1992, ZUMAPLAST etait a l'origi",info@zumaplast.com;contact@agenceici.com,info@zumaplast.com,high,03 22 74 42 00;03 22 50 07 68,03 22 74 42 00,ok_both
b46a7e5abeacf2df2af2cf36fc0992e9,MECOWORKS,https://mecoworks.com,Construction,11-50,1M-5M,saint lys,,Votre partenaire-travaux pour la production des Energies Renouvelables,info@mecoworks.com,info@mecoworks.com,high,05 61 91 72 14,05 61 91 72 14,ok_both
b4b823208669783078d7c0526e204926,Feralu / e-metallerie-pro.fr,https://feralu-metallerie.fr,Construction,11-50,1M-5M,,,"Specialiste de la fabrication sur mesure de toutes vos installations metalliques et metallurgiques. Nos equipes parfaitement formees sauront effectuer dans les regles de l'art toutes les missions qui leurs sont confiees : escaliers, garde-corps, portails, ...",,,,03 29 37 31 17,03 29 37 31 17,ok_phone
54719ec8982592a15d7a60ee9d93c52e,Groupe Normabaie,https://normabaie.fr,Wood Product Manufacturing,51-200,10M-25M,boulleville,,"Cree il y a 30 ans, le Groupe Normabaie sest specialise dans la conception et fabrication de menuiseries sur-mesure. Dimension, forme, vitrage, ouverture, couleur, accessoires, rien nest impose, a vous de composer la fenetre de votre choix. Normabaie Production realise des menuiseries en PVC et en a",standard@normabaie.fr;contact@normabaie.fr;info@ionos.fr,standard@normabaie.fr,high,02 32 20 24 70;02 96 87 01 44;02 31 79 71 81,02 32 20 24 70,ok_both
63203661f95ddbc0a10164c7e608fd3f,SAMB,https://samb.fr,Wood Product Manufacturing,11-50,5M-10M,bobigny,,"Le negoce de bois SAMB est specialise dans la vente de bois, de panneaux ainsi que dans la fabrication de coffrages specifiques, de mannequins bois et aluminium, abouts de voile et raidisseurs d'huisserie aupres des professionnels du BTP. Situee a Bobigny (93000) en proche banlieue parisienne, SAMB ",,,,01 48 33 04 07,01 48 33 04 07,ok_phone
37de3231e4611c67eac7d35dbde7ac79,GUILLOUX MATÉRIAUX,https://guillouxmateriaux.com,Lumber and Other Construction Materials Merchant W,51-200,25M-75M,montviron,normandie,"GUILLOUX MATERIAUX est le specialiste en charpente-couverture et second-uvre avec toute une gamme de materiaux biosources, fort de 9 agences en Normandie, dans la Manche, le Calvados, la Seine-Maritime et l'Eure. 70 ANS que nos grands-parents ont crees la societe GUILLOUX MATERIAUX ! Scieurs depuis ",bonjour@guilloux-materiaux.com;admin@solaris-informatique.com,bonjour@guilloux-materiaux.com,low,02 31 16 21 50;02 31 34 34 04;02 32 57 15 98;02 33 89 67 77;02 33 89 82 80,02 31 16 21 50,ok_both
4dfde95cde29001068e7c09bb7be617b,MECANALU,https://mecanalu.com,Construction,11-50,1M-5M,dourdan,,"Mecanalu, fabricant et distributeur de cloisons aluminium et boxs acoustiques depuis plus de 25 ans a travers toute la France repond a toutes vos problematiques de cloisonnement despace de bureaux en vous proposant des cloisons aux lignes epurees tres design beneficiant de tres hautes performances a",,,,,,no_contact
effeaeda3f264eb2f313849a9b6ca5a4,METALLERIE NANTAISE,https://metallerie-nantaise.com,Construction,1-10,500K-1M,,,"Metallerie Nantaise | Specialiste de la metallerie sur mesure  Facades, Agencement, Securite Depuis 2017, Metallerie Nantaise accompagne les professionnels et les particuliers dans la conception, la fabrication et linstallation douvrages metalliques sur mesure. Basee a Bouaye, notre equipe met son e",contact@mnantaise.com;contact@ouiheberg.com;contact@metallerie-nantaise.fr,contact@mnantaise.com,low,02 85 52 89 47;02 85 52 33 43;09 84 45 69 03,02 85 52 89 47,ok_both
34706698533e349d65921c2f9bc84a82,MÉHAT GIRPAV,https://cloture-beton.fr,Construction,51-200,10M-25M,,,"- Lentreprise MEHAT est creee a Allaire (56) en 1960 par Raymond MEHAT, qui demarre son activite par la fabrication manuelle de produits en beton : clapiers a lapins, niches, garages, ... Dix ans plus tard, il achete sa premiere machine et debute lautomatisation de la production. Au fil des annees, ",,,,,,no_contact
a9490a70a7fcfc93782d97fa530a0fe9,WESER SAS FRANCE,https://weser.fr,Wood Product Manufacturing,51-200,10M-25M,mazières-de-touraine,centre-val de loire,"Specialiste de la Pierre Reconstituee et du Beton Decoratif, Weser offre un vaste choix de produits destines a lamenagement du jardin et a lexterieur de la maison. Fabriques avec un souci constant de qualite, les Balustrades, Piliers et Murets de cloture, Dalles et Paves, ou les Margelles de piscine",marketing@weser.fr,marketing@weser.fr,high,01 02 60 00 18,01 02 60 00 18,ok_both
08a8190b34e5accbce32f3f942c1ec62,MANTION,https://mantion.com,Lumber and Other Construction Materials Merchant W,51-200,25M-75M,besancon,,"MANTIONEuropean sliding system specialist since 1920. Since 1920, MANTION has designed, manufactured and distributed sliding systems for the construction industrysuch as door, gate and shutter fittingsfrom its outfit in Besancon, France. It caters for the residential market through its building trad",mantion@mantion.com;mymantion@mantion.com,mantion@mantion.com,high,,,ok_email
c362c02724d664801f48e484f2fcc2a4,ALUMINIUM DE BRETAGNE,https://aluminium-de-bretagne.com,Construction,51-200,10M-25M,landevant,,"Presentation Aluminium De Bretagne Forte de ses 40 annees dexperience, notre societe a acquis un savoir-faire unique dans la realisation de facade et dans la fabrication de menuiseries en aluminium sur mesure. Nos equipes accompagnent les architectes dans la realisation, conception, fabrication et m",,,,,,no_contact
21c9445774094237562d79a730d2a244,AFD,https://afd-verandas.com,Lumber and Other Construction Materials Merchant W,51-200,25M-75M,la châtre,,"Depuis 1993, AFD propose des prestations pour vos verandas, pergolas, menuiseries, volets, stores, portes et fenetres, portes de garages, portails, serrurerie, metallerie. Notre equipe de professionnels vous presente diverses realisations et vous guide dans le choix du projet repondant le mieux a vo",rgpd@afd-verandas.com;lachatre@afd-verandas.com,rgpd@afd-verandas.com,high,05 56 69 64 64,05 56 69 64 64,ok_both
d780a6a99b3bd2c715bcd02f58c1fa86,TUBAUTO,https://tubauto.fr,Construction,51-200,10M-25M,cedex,bourgogne-franche-comté,"TUBAUTO est une marque du groupe Hormann dediee exclusivement a la distribution de portes pour lhabitat aupres des negoces de materiaux. TUBAUTO Distribution commercialise des portes de garage (basculantes, sectionnelles, a enroulement et a deplacement lateral), motorisations, portes dentree et des ",info@tubauto.fr;support@ovh.com;compliance@hoermann.de,info@tubauto.fr,high,03 86 64 85 85;08 92 70 08 90;04 34 28 17 94;03 87 52 12 12;05 22 26 00 86,03 86 64 85 85,ok_both
e6da191b12048da53b87ac581ff0ff54,EVR ALU / Metalukit,https://evr-alu.fr,Construction,1-10,500K-1M,,,"Depuis pres de 10 ans EVR ALU est votre specialiste de l'aluminium. Fabricant et createur sur mesure de garde-corps, clotures et rampes d'escalier en aluminium. Notre equipe vous accompagne dans vos projets et vous conseille avec precision, en vous proposant du sur-mesure et en etant a l'ecoute de v",,,,03 29 31 32 00;03 29 37 31 17,03 29 31 32 00,ok_phone
05657e3c33cb4891c4d039eb10c4d3af,UNIV'R Fenêtres - Portails,https://univrmenuiserie.fr,Lumber and Other Construction Materials Merchant W,51-200,25M-75M,la rochelle,nouvelle-aquitaine,"UNIV'R Menuiserie - L'energie de vous satisf'R Chez UNIV'R Menuiserie, nous sommes la pour repondre a tous vos besoins en matiere de menuiserie professionnelle. Integree au sein du Groupe Ridoret en 2017, notre entreprise beneficie de l'expertise de marques renommees et offre des solutions sur mesur",contact@univrmenuiserie.fr,contact@univrmenuiserie.fr,high,05 49 81 81 81;05 46 81 81 81,05 49 81 81 81,ok_both
eaf75515e95c8de8c95068d8b1980673,Sylneo,https://sylneo.com,Construction,11-50,1M-5M,,,"SYLNEO, est un fabricant francais dECO-MATERIAUX. Nous proposons des solutions damenagement exterieur, design : cloture, terrasse et bardage. Lentreprise sinscrit avec le soutien de lADEME dans un programme damelioration continue pour preserver notre environnement et developper des produits 100% rec",sylneo@sylneo.com;abc@xyz.com,sylneo@sylneo.com,high,02 51 66 34 53;02 51 66 50 38;09 54 43 67 20,02 51 66 34 53,ok_both
2ace7a8f53ff262dec3cfb50d6a66fd3,ORSOL,https://orsol.fr,Lumber and Other Construction Materials Merchant W,51-200,25M-75M,st quentin du dropt,,"ORSOL est leader francais dans la fabrication delements architecturaux haut de gamme en pierre reconstituee. Lentreprise propose une large collection de produits pour lhabitat et le jardin : parements muraux pour facades et murs interieurs, piliers de portail, chapeaux de murs... Creee en 1995, lent",contact@orsol.fr,contact@orsol.fr,high,,,ok_email
04b679751bde80adb31303ac0a0048f3,LIB INDUSTRIES,https://groupelib.com,Lumber and Other Construction Materials Merchant W,51-200,25M-75M,,,"Lib Industries, groupe familial, 10 sites industriels en France, developpe des produits et des solutions en beton et acier pour la construction : batiments individuels ou collectifs, amenagements exterieurs, travaux publics et genie civil. Nos gammes de produits : - Blocs beton - Planchers - Appuis ",contact@groupelib.com;recrutement@groupelib.com,contact@groupelib.com,high,,,ok_email
4fe09b8056c24f4b2d734a08a425e2fd,SEDPA France S.A,https://sedpa.com,Lumber and Other Construction Materials Merchant W,51-200,25M-75M,perenchies,,"SEDPA has been specialised in the research, manufacture and development of sheets, thermoplastic films, and composite woods for industry, construction, DIY and communications since 1965. You can use our materials to roof, certainly but also to decorate, light up, divide, embellish, show off, protect",contact@sedpa.com;contact@webflow.com;hello@fw-bf.com,contact@sedpa.com,high,03 20 00 99 00,03 20 00 99 00,ok_both
3e6611f20b65b3d87e4ac77db19613ba,Garrouste Béton,https://garrouste-beton.fr,Lumber and Other Construction Materials Merchant W,11-50,10M-25M,ondes,occitanie,"Fondee en 1945, lentreprise Garrouste a demarre son activite par la production de granulats, en sapprovisionnant directement en matiere premiere au bord de la Garonne. Cette activite fondatrice a peu a peu evolue et lentreprise familiale est aujourdhui specialisee dans la fabrication de betons, gard",,,,06 37 79 82 51,06 37 79 82 51,ok_phone
a0f81d35b0869f046a5ba86393c56cf0,Le Caillebotis Diamond,https://le-caillebotis-diamond.fr,Construction,51-200,10M-25M,glos,normandie,"En plus de 90 ans, Le Caillebotis Diamond est devenu le premier fabricant francais de Caillebotis Metal Presse. Un temoignage dexcellence et dinnovation. Present depuis 1933, Le Caillebotis Diamond a fait de la parfaite maitrise des techniques de fabrication et de la competence de ses collaborateurs",,,,,,no_contact
9d9c57ec535d98b50d57997b6ed4cb07,GF3M,https://gf3m.fr,Construction,51-200,10M-25M,caudrot,,"Depuis 1992, la SAS GF3M situee dans le sud gironde intervient dans la fabrication et la pose de metallerie acier, aluminium, inox (escalier, garde-corps, brise soleil ...), de menuiseries, murs rideaux, verrieres acier et aluminium dans toute la region Nouvelle Aquitaine. La conception et la realis",contact.gf3m@gf3m.fr;lucie.bellot@gmail.com,contact.gf3m@gf3m.fr,high,05 57 98 18 88;08 39 25 90 00,05 57 98 18 88,ok_both
14b62d0528eb37e5b805276f0ca23e57,Gueules des Bois,https://gueules-des-bois.fr,Lumber and Other Construction Materials Merchant W,1-10,1M-5M,,,"Terrasse, Bardage, Cloture, Mobilier urbain, Mobilier d'aires de jeux, Studios en bois, Charpente, Fermettes, Mulch pour aires de jeux : vous avez trouve votre fournisseur ! Avec 45 000 grumes debitees tous les ans dans notre scierie en Moselle, 45 000 palettes reconditionnees tous les mois sur nos ",contact@gueules-des-bois.fr,contact@gueules-des-bois.fr,high,03 88 59 10 59;03 88 59 90 46;06 90 17 00 02,03 88 59 10 59,ok_both
493c7884ee7a9ad00eecfe1922f6d484,SLPA Société Landaise de Profilage Acier,https://slpa-acier.fr,Wood Product Manufacturing,11-50,5M-10M,hagetmau,,"SLPA est une societe specialisee dans le profilage a froid. SLPA concoit et fabrique des produits d'agrofournitures pour la viticulture et l'arboriculture : piquets de vignes, tuteurs, TBar, poteaux, bacs a fraises... SLPA est sous traitant de l'industrie : projets solaires, batiment, carrosserie in",slpa@slpa-acier.fr;contact@slpa-acier.fr;estelle.rigo@slpa-acier.fr,slpa@slpa-acier.fr,high,05 58 44 50 52,05 58 44 50 52,ok_both
6dd18d8803b5ec19752a16d1b7546f56,ARMORY - Menuiseries Bretonnes,https://armory.bzh,Construction,51-200,10M-25M,bain de bretagne,,"ARMORY, specialisee dans la fabrication et la pose de menuiseries exterieures, est nee de lunion de 2PL et TecniLogis. La mise en commun de leurs competences a pour objectif de vous proposer un savoir-faire de qualite a travers une prestation complete : conseil, etude, fabrication et installation de",,,,02 99 17 04 97,02 99 17 04 97,ok_phone
954dffffdf8ea657abd22c1011294066,Eurofence Scop,https://eurofence.pro,Lumber and Other Construction Materials Merchant W,51-200,25M-75M,doulevant-le-chateau,,"UN SAVOIR-FAIRE :  La conception, la fabrication et la vente de clotures industrielles et de portails metalliques  EUROFENCE SCOP est aujourdhui un des acteurs principaux du marche de la cloture aupres des professionnels. EUROFENCE SCOP repond largement a toutes les problematiques de la protection p",info@eurofence.pro;bruno.caille@eurofence.pro;lydie.maigrot@eurofence.pro;severine.herry@eurofence.pro;pierre.labrune@eurofence.pro,info@eurofence.pro,high,03 25 07 36 00,03 25 07 36 00,ok_both
5aa918c671d1296d700083aee39fdc27,CLOTURES MICHEL WILLOQUAUX,https://groupe-cw.fr,Construction,51-200,10M-25M,tressin,,"CLOTURES MICHEL WILLOQUAUX est un fabricant francais de clotures et portails depuis 60 ans. Nous concevons, fabriquons, commercialisons et installons tous types de clotures et portails sous nos marques CLONOR, CLOTURENLIGNE, CLOWILL et CLOLYS. Nous disposons d'une gamme standard et sur mesure pour s",stockage@groupe-cw.com,stockage@groupe-cw.com,low,03 20 41 31 21;03 20 79 04 24;03 20 64 08 96;03 26 35 93 18;03 20 41 29 76,03 20 41 31 21,ok_both
1283422ca40ab3fd0d7acc431bd5260f,ROLLING CENTER FRANCE,https://rollingcenter-france.fr,Lumber and Other Construction Materials Merchant W,1-10,1M-5M,arnas,auvergne-rhône-alpes,"Distributeur francais exclusif de la marque Rolling Center, nous sommes specialises depuis 20 ans dans les accessoires de portails, portes et garde-corps industriels. Egalement distributeur de LOCINOX (le plus important de France), de TIRARD, de WOLFSGRUBER et de FARAONE pour apporter aux profession",,,,,,no_contact
b397ae552ca79b99176692ff810e8f51,DL Menuiserie,https://dlmenuiserie.fr,Lumber and Other Construction Materials Merchant W,51-200,25M-75M,le taillan médoc,,"DL Menuiserie accompagne depuis 1993 les particuliers et les professionnels dans leurs projets de menuiseries sur-mesure, en neuf comme en renovation. Fort dun savoir-faire reconnu et dune expertise technique pointue, nous proposons une large gamme de solutions pour lhabitat : fenetres, volets roula",alert@influa.com,alert@influa.com,low,,,ok_email
3a7663be4446ee23db85cc47ef5dde86,ANCHETTI_GEDIMAT_GEDIBOIS_BPAI,https://gedimat.fr/index.php?magdest=1546,Wood Product Manufacturing,51-200,10M-25M,ajaccio,,"Destine aux particuliers et professionnels, GEDIMAT est le plus grand groupement de commercants en materiaux et outils de construction en France. GEDIMAT propose une des plus larges gammes de produits, avec plus de 50 000 produits sur stock Gedimat est le moteur de vos recherches pour donnez vie a v",,,,01 47 58 09 09,01 47 58 09 09,ok_phone
e07bd4e4f82b0c41597c20a1b24788d6,Gedimat Boulard Verdier,https://gedimat.fr,Wood Product Manufacturing,51-200,25M-75M,clermont ferrand,,"Enseigne de materiaux et d'equipements, pour la maison a destination des particuliers et des professionneles, Gedimat Boulard Verdier fournit des solutions techniques de pointe depuis plus de 50 ans",,,,01 47 58 09 09,01 47 58 09 09,ok_phone
53281b8e09d3c4cc11a967718c5a055a,NOVAMAT,https://novamat.fr,Lumber and Other Construction Materials Merchant W,51-200,25M-75M,thonon-les-bains,auvergne-rhône-alpes,"Novamat est une entreprise de 35 personnes, reparties dans 4 agences commerciales a : - Thonon - Vongy - Valserhone - Gex Nous distribuons aupres des professionnels et des particuliers de grandes marques de materiaux de construction et damenagements interieur ou exterieur. Nous disposons egalement d",novamat@novamat.fr;commandes.thonon@novamat.fr,novamat@novamat.fr,high,04 50 48 00 01;04 50 42 39 92;04 50 71 25 98;04 50 26 33 52,04 50 48 00 01,ok_both
eacc4023142f1e2e948998558022a4e1,RD Productions / DIRICKX Le savoir-embellir,https://rdproductions.fr,Lumber and Other Construction Materials Merchant W,11-50,10M-25M,bazas,nouvelle-aquitaine,"Fort de plus de 30 ans de savoir-faire, DIRICKX le savoir-embellir concoit, fabrique et commercialise une gamme complete de portails et de clotures associees a destination des particuliers et des collectifs dhabitations. Decouvrez un large choix de portails standards et sur-mesure en aluminium, comp",rdproductions@rdproductions.fr,rdproductions@rdproductions.fr,high,02 59 53 10 00,02 59 53 10 00,ok_both
00302d98817096658b48733c8b1d74f8,MVA Monaco,https://menuiserie-mva.com,Construction,51-200,10M-25M,,,"MVA est une entreprise specialisee dans conception , la fabrication, la vente et la pose de menuiseries exterieures ALU et fermetures de lhabitat. Lentreprise est presente depuis plus de 38 ans sur le bassin mediterraneen.",contact@menuiserie-mva.com;helene@menuiserie-mva.com,contact@menuiserie-mva.com,high,04 93 74 47 27,04 93 74 47 27,ok_both
ae3dc1066aa526d902181190353d6082,WINLOCK FRANCE - PORTES COUPE-FEU,https://winlockfiredoors.com/fr,Construction,11-50,1M-5M,euralille,,"Winlock Systems concoit et fabrique des portes industrielles coupe-feu depuis plus de 20 ans. La resistance au feu nest cependant pas leur seule performance. Chaque porte Winlock Ei1 / EI2 / EW 60, 90, 120, 180 et 240 minutes peut etre associee a un critere dattenuation acoustique jusqua 50 dB, dant",maintenance@winlockfiredoors.com;info@winlockfiredoors.com;service@winlockfiredoors.com;sales@winlockfiredoors.com;sales@winlockfiredoors.nl,maintenance@winlockfiredoors.com,high,03 66 88 07 96,03 66 88 07 96,ok_both
28e311c09fb9f6e914004ec69521f9f8,Houdard,https://houdard.fr,Lumber and Other Construction Materials Merchant W,51-200,25M-75M,lucé,,"La societe Houdard propose a la vente, pour les professionnels du batiment et les particuliers, tous les materiaux necessaires a la construction, equipements et renovation de vos maisons.",serviceclient@houdard.fr;info@houdard.fr;plizama@houdard.fr,serviceclient@houdard.fr,high,02 37 91 29 70;02 37 91 32 19,02 37 91 29 70,ok_both
c737b0eff44fb49e77212d104253f754,AMALRIK,https://amalrik.com,Construction,11-50,1M-5M,,,"Entreprise de construction mixte bois / metal Createur de solutions de constructions et d'amenagements, nous vous accompagnons pour vos projets de Charpentes, Escaliers, Garde-corps, Mobiliers, Agencement, Ferronnerie. Notre outil de fabrication artisanal 2.0 ainsi que notre bureau detude integre vo",contact@amalrik.com,contact@amalrik.com,high,02 35 20 93 49,02 35 20 93 49,ok_both
d0360039f483c6db75e6d545701c2481,LE HOLLOCO,https://leholloco.com,Lumber and Other Construction Materials Merchant W,51-200,25M-75M,herblay,île-de-france,"LE HOLLOCO compte aujourdhui 3 points de ventes situes dans le departement du Val dOise (95). Cette situation geographique permet de distribuer, dans les departements limitrophes, (75-78-91-60) tous types de materiaux de construction. En effet nos differents magasins proposent une gamme complete de ",materiaux.l@leholloco.fr;materiaux@leholloco.fr;materiaux.e@leholloco.fr,materiaux.l@leholloco.fr,low,01 34 08 00 99;01 34 08 44 00;01 34 50 95 00;01 34 50 93 29;01 39 91 00 54,01 34 08 00 99,ok_both
12b66ffb6859c55bea2e516a6ba0ec40,Millboard France,https://millboard.com/fr-fr,Lumber and Other Construction Materials Merchant W,11-50,10M-25M,tresses,nouvelle-aquitaine,"Millboard France est la filiale du groupe anglais Millboard, fabricant de lames minerale pour terrasses et bardages haut de gamme. Imaginez les possibilites que Millboard peut offrir a vos espaces exterieurs. Millboard. Vivre. La Vie. A l'Exterieur.",,,,05 25 53 00 28,05 25 53 00 28,ok_phone
623a04c972d1b04bc42aadc32196e83b,Linconyl,https://linconyl.com,Construction,51-200,10M-25M,le mans,,"Linconyl est specialisee depuis plus de 50 ans dans la confection et la mise en oeuvre du store exterieur et interieur aupres des professionnels. Linconyl, c'est un savoir-faire unique. Avec nos 40 collaborateurs, des techniciens-poseurs qualifies et un atelier de fabrication et confection, nous som",,,,02 43 23 24 10;02 43 71 06 44;02 46 99 37 37;02 43 24 29 29;04 44 44 60 40,02 43 23 24 10,ok_phone
df3ee9e29cf29d4f2f67c2bb6fa1ca4b,Reynaers Aluminium France,https://reynaers.fr,Lumber and Other Construction Materials Merchant W,51-200,25M-75M,lieusaint,,"Chez Reynaers Aluminium France, lhumain est au cur de notre reussite. Notre ambition : batir la meilleure equipe, guidee par nos valeurs : Audace, Bienveillance, Passion et Union. Le bien-etre de nos equipes est essentiel. Cette approche a ete reconnue par notre certification Great Place To Work, ga",,,,,,no_contact
9df725f6e70d3d38594b39e40465bf99,Pacotte & Mignotte - PM Industrie,https://pacotte-mignotte.fr,Construction,51-200,10M-25M,dijon,,"CONSEILLER - FABRICANT - POSEUR 1er fabricant de Bourgogne Franche Comte. Dijon / Chalon/ Besancon. Principalement a destination des particuliers, nous sommes aussi presents sur l'activite chantiers en neuf et en renovation.",contact@pacotte-mignotte.fr;contact@pm-i.fr;lafenetre@pm-i.fr,contact@pacotte-mignotte.fr,high,03 80 71 32 32;03 80 78 40 40;03 45 21 54 02,03 80 71 32 32,ok_both
99e418a63b3f24da37691a869764fac1,GEDIMAT (GROUPE PARALLIANCE),https://gedimat.fr,Lumber and Other Construction Materials Merchant W,11-50,10M-25M,baie mahault,,"Filiales du Groupe PARALLIANCE, chaque point de vente GEDIMAT ANTILLES propose des solutions concretes en matiere de construction, damenagement et de renovation. Bienvenue au sein du GROUPE PARALLIANCE , acteur incontournable et en pleine expansion de la distribution de produits pour le batiment aux",,,,01 47 58 09 09,01 47 58 09 09,ok_phone
d4d5accafc5e255f7b6ae7ca5ec49260,BigMat Germat Cussenot,https://bigmat.fr/adherent/germat-cussenot,Lumber and Other Construction Materials Merchant W,51-200,25M-75M,,,"Negoce de materiaux de construction et de renovation, multi-specialiste du batiment. Nous, Cooperateurs de la SCOP Germat Cussenot, au service de nos clients particuliers et professionnels. Notre mission = les accompagner dans leurs projets pour trouver ensemble les bonnes solutions. Le respect est ",,,,03 29 38 04 53;03 29 29 78 17;03 29 24 16 03;03 29 63 08 97;03 29 24 99 13,03 29 38 04 53,ok_phone
7d8dc002d2021636a2a2afa16791a96d,JERREL - Portails & clôtures,https://jerrel.fr,Construction,11-50,1M-5M,,,"JERREL, fabricant francais de portails, portillons et clotures, sur mesure, en aluminum et PVC.",,,,,,no_contact
5afff0c232d42bb614adb5dbd971ec3e,FARS.MENUISERIE,https://fars.fr,Construction,11-50,1M-5M,cleres,normandie,"""La societe FARS situee a Cleres (Seine-Maritime), a ete creee en 2005. Elle est constituee : . de plusieurs equipes de pose . dun service technique, . dun service apres-vente . dun service commercial . dun atelier de fabrication aluminium . d'une equipe de macons, de plaquistes et de charpentiers. ",design@sarahkugel.com;contact@gaylordjulien.dev,design@sarahkugel.com,low,02 35 76 82 05;06 47 14 96 98;06 38 30 03 35;09 73 80 00 12,02 35 76 82 05,ok_both
2de560c9be92caf48634b310d482e361,Perin Urvoy Préfa,https://urvoyprefa.fr,Lumber and Other Construction Materials Merchant W,11-50,10M-25M,bégard,bretagne,"Lentreprise Perin Urvoy Prefa, situee a Begard dans le departement des Cotes dArmor. Specialise dans la fabrication de vos produits beton pour lassainissement, le funeraire, les travaux publics, les clotures, les produits denvironnement, la prefabrication lourde et les longrines isolees.",,,,02 96 45 21 17;02 96 45 29 91,02 96 45 21 17,ok_phone
39ae93e3f1997915129cc641d7473e6d,SARL ARRIBOT AROM,https://arribot.fr,Construction,11-50,1M-5M,brax,,Fabrication de menuiserie aluminium - made in 47 Fabrication de metallerie et serrurerie - made in 47 Fermeture de Batiment Stores interieurs et exterieurs,contact@arribot.fr,contact@arribot.fr,high,05 53 96 87 80,05 53 96 87 80,ok_both
2fe61d0f1cbe0ec21514fce64d532b4c,GRILLAGES BROSSARD,https://grillages-brossard.fr,Wood Product Manufacturing,1-10,500K-1M,messimy,auvergne-rhône-alpes,"Grillages Brossard, votre fabricant de grillages et clotures depuis plus de 130 ans sur le Grand Lyon et la region Rhone Alpes ! Integree au groupe SBFM en 2020, notre equipe vous accompagne dans vos projets d'amenagements exterieurs avec savoir-faire et passion.",,,,04 78 45 15 32;04 78 45 60 65,04 78 45 15 32,ok_phone
da0773f6a91efb2d7954c8cae9b9a656,BOSMY - NORMACLO,https://normaclo.com,Construction,51-200,10M-25M,andé,,"BOSMY est le fabricant de clotures et de portails en acier de la marque normaclo diffusee nationalement aupres de professionnels poseurs. Nous travaillons avec les industries, les professionnels du batiment et du paysage, les collectivites, les bailleurs sociaux et les particuliers...Nous avons deve",,,,,,no_contact
